[
{
  "pk": 1, 
  "model": "cleanteams.cleanteamlevel", 
  "fields": {
    "next_level": 2, 
    "badge": "images/badge-level-1-75x63.png", 
    "name": "Seedling", 
    "tree_level": "images/clean-team-tree-stage-1.png"
  }
},
{
  "pk": 2, 
  "model": "cleanteams.cleanteamlevel", 
  "fields": {
    "next_level": 3, 
    "badge": "images/badge-level-2-75x59.png", 
    "name": "Sprout", 
    "tree_level": "images/clean-team-tree-stage-2.png"
  }
},
{
  "pk": 3, 
  "model": "cleanteams.cleanteamlevel", 
  "fields": {
    "next_level": 4, 
    "badge": "images/badge-level-3-75x63.png", 
    "name": "Sapling", 
    "tree_level": "images/clean-team-tree-stage-3.png"
  }
},
{
  "pk": 4, 
  "model": "cleanteams.cleanteamlevel", 
  "fields": {
    "next_level": 5, 
    "badge": "images/badge-level-4-75x73.png", 
    "name": "Tree", 
    "tree_level": "images/clean-team-tree-stage-4.png"
  }
},
{
  "pk": 5, 
  "model": "cleanteams.cleanteamlevel", 
  "fields": {
    "next_level": null, 
    "badge": "images/badge-level-5-75x73.png", 
    "name": "Full Bloom", 
    "tree_level": "images/clean-team-tree-stage-5.png"
  }
},
{
  "pk": 1, 
  "model": "cleanteams.cleanteamleveltask", 
  "fields": {
    "approval_required": false, 
    "link": "/download/?filename=Welcome_package_cgd.pdf", 
    "name": "download_welcome_package", 
    "clean_team_level": 1, 
    "description": "Download welcome package"
  }
},
{
  "pk": 5, 
  "model": "cleanteams.cleanteamleveltask", 
  "fields": {
    "approval_required": false, 
    "link": null, 
    "name": "ct_description", 
    "clean_team_level": 1, 
    "description": "Add a profile description to your Clean Team"
  }
},
{
  "pk": 6, 
  "model": "cleanteams.cleanteamleveltask", 
  "fields": {
    "approval_required": false, 
    "link": null, 
    "name": "ct_twitter", 
    "clean_team_level": 1, 
    "description": "Add Twitter account to your Clean Team profile"
  }
},
{
  "pk": 7, 
  "model": "cleanteams.cleanteamleveltask", 
  "fields": {
    "approval_required": false, 
    "link": null, 
    "name": "invite_5_mcc", 
    "clean_team_level": 1, 
    "description": "Invite at least 5 friends to My Clean City"
  }
},
{
  "pk": 9, 
  "model": "cleanteams.cleanteamleveltask", 
  "fields": {
    "approval_required": false, 
    "link": null, 
    "name": "1_challenge", 
    "clean_team_level": 2, 
    "description": "Post 1st Challenge"
  }
},
{
  "pk": 11, 
  "model": "cleanteams.cleanteamleveltask", 
  "fields": {
    "approval_required": false, 
    "link": null, 
    "name": "3_ccs", 
    "clean_team_level": 2, 
    "description": "Recruit 3 Clean Champions"
  }
},
{
  "pk": 12, 
  "model": "cleanteams.cleanteamleveltask", 
  "fields": {
    "approval_required": false, 
    "link": "https://twitter.com/intent/user?screen_name=MyCleanCity1", 
    "name": "follow_twitter", 
    "clean_team_level": 2, 
    "description": "Follow My Clean City on Twitter"
  }
},
{
  "pk": 13, 
  "model": "cleanteams.cleanteamleveltask", 
  "fields": {
    "approval_required": false, 
    "link": null, 
    "name": "5_challenges", 
    "clean_team_level": 3, 
    "description": "Create 5 Challenges"
  }
},
{
  "pk": 14, 
  "model": "cleanteams.cleanteamleveltask", 
  "fields": {
    "approval_required": false, 
    "link": null, 
    "name": "10_ccs", 
    "clean_team_level": 3, 
    "description": "Recruit 10 Clean Champions"
  }
},
{
  "pk": 16, 
  "model": "cleanteams.cleanteamleveltask", 
  "fields": {
    "approval_required": true, 
    "link": "/clean-team/leader-referral", 
    "name": "refer_teacher", 
    "clean_team_level": 3, 
    "description": "Refer an interested teacher, youth group leader or city hall counselor"
  }
},
{
  "pk": 17, 
  "model": "cleanteams.cleanteamleveltask", 
  "fields": {
    "approval_required": false, 
    "link": null, 
    "name": "2_national_challenges_signup", 
    "clean_team_level": 4, 
    "description": "Sign up for at least 2 national Challenges"
  }
},
{
  "pk": 18, 
  "model": "cleanteams.cleanteamleveltask", 
  "fields": {
    "approval_required": false, 
    "link": null, 
    "name": "20_ccs", 
    "clean_team_level": 4, 
    "description": "Recruit 20 Clean Champions "
  }
},
{
  "pk": 19, 
  "model": "cleanteams.cleanteamleveltask", 
  "fields": {
    "approval_required": true, 
    "link": "/clean-team/send-presentation", 
    "name": "mcc_presentation", 
    "clean_team_level": 4, 
    "description": "Make a My Clean City presentation"
  }
},
{
  "pk": 1, 
  "model": "challenges.challengetype", 
  "fields": {
    "challenge_type": "hourly", 
    "name": "Hourly", 
    "description": "This would be the numbers of hours * CleanCreds/hour"
  }
},
{
  "pk": 2, 
  "model": "challenges.challengetype", 
  "fields": {
    "challenge_type": "one-time", 
    "name": "One Time", 
    "description": "One time scan in via QR code"
  }
},
{
  "pk": 1, 
  "model": "challenges.cleangrid", 
  "fields": {
    "name": "LAN", 
    "value": "0.827625"
  }
},
{
  "pk": 2, 
  "model": "challenges.cleangrid", 
  "fields": {
    "name": "AIR", 
    "value": "0.804139"
  }
},
{
  "pk": 3, 
  "model": "challenges.cleangrid", 
  "fields": {
    "name": "WAT ", 
    "value": "11.426941"
  }
},
{
  "pk": 4, 
  "model": "challenges.cleangrid", 
  "fields": {
    "name": "MBF", 
    "value": "5.022831"
  }
},
{
  "pk": 5, 
  "model": "challenges.cleangrid", 
  "fields": {
    "name": "ARM", 
    "value": "2.283105"
  }
},
{
  "pk": 6, 
  "model": "challenges.cleangrid", 
  "fields": {
    "name": "ELE", 
    "value": "1.272632"
  }
},
{
  "pk": 7, 
  "model": "challenges.cleangrid", 
  "fields": {
    "name": "FF", 
    "value": "1.986614"
  }
},
{
  "pk": 8, 
  "model": "challenges.cleangrid", 
  "fields": {
    "name": "CP", 
    "value": "1.461096"
  }
},
{
  "pk": 1, 
  "model": "challenges.challengequestiontype", 
  "fields": {
    "name": "point_value", 
    "description": "An assigned point value"
  }
},
{
  "pk": 2, 
  "model": "challenges.challengequestiontype", 
  "fields": {
    "name": "clean_grid_value", 
    "description": "CleanGrid values are calculated"
  }
},
{
  "pk": 3, 
  "model": "challenges.challengequestiontype", 
  "fields": {
    "name": "no_point_value", 
    "description": "No points, only for survey purposes"
  }
},
{
  "pk": 1, 
  "model": "challenges.answertype", 
  "fields": {
    "name": "single", 
    "description": "Can select ONLY one answer"
  }
},
{
  "pk": 2, 
  "model": "challenges.answertype", 
  "fields": {
    "name": "multiple", 
    "description": "Can select multiple answers"
  }
},
{
  "pk": 1, 
  "model": "challenges.challengequestion", 
  "fields": {
    "type": 1, 
    "question_number": 1, 
    "question": "Did you or your team create this challenge?", 
    "answer_type": 1, 
    "required": true
  }
},
{
  "pk": 2, 
  "model": "challenges.challengequestion", 
  "fields": {
    "type": 1, 
    "question_number": 2, 
    "question": "Which of the CleanCred LAWS is the most affected by your event?", 
    "answer_type": 1, 
    "required": true
  }
},
{
  "pk": 3, 
  "model": "challenges.challengequestion", 
  "fields": {
    "type": 2, 
    "question_number": 4, 
    "question": "Select all CleanCred LAWS that are impacted by your challenge? Think carefully, recycling would affect the land, air, and water for example.", 
    "answer_type": 2, 
    "required": true
  }
},
{
  "pk": 4, 
  "model": "challenges.challengequestion", 
  "fields": {
    "type": 3, 
    "question_number": 3, 
    "question": "Does the challenge involve (select all that apply)", 
    "answer_type": 2, 
    "required": true
  }
},
{
  "pk": 5, 
  "model": "challenges.challengequestion", 
  "fields": {
    "type": 1, 
    "question_number": 5, 
    "question": "If you selected Species for #4, are the species:", 
    "answer_type": 1, 
    "required": false
  }
},
{
  "pk": 6, 
  "model": "challenges.challengequestion", 
  "fields": {
    "type": 2, 
    "question_number": 6, 
    "question": "Does the challenge involve reducing consumption of (select all that apply)", 
    "answer_type": 2, 
    "required": true
  }
},
{
  "pk": 1, 
  "model": "challenges.questionanswer", 
  "fields": {
    "answer": "Yes", 
    "clean_grid": null, 
    "score": 5, 
    "question": 1, 
    "answer_number": "A"
  }
},
{
  "pk": 2, 
  "model": "challenges.questionanswer", 
  "fields": {
    "answer": "No", 
    "clean_grid": null, 
    "score": 0, 
    "question": 1, 
    "answer_number": "B"
  }
},
{
  "pk": 3, 
  "model": "challenges.questionanswer", 
  "fields": {
    "answer": "Land", 
    "clean_grid": null, 
    "score": 1, 
    "question": 2, 
    "answer_number": "A"
  }
},
{
  "pk": 4, 
  "model": "challenges.questionanswer", 
  "fields": {
    "answer": "Air", 
    "clean_grid": null, 
    "score": 1, 
    "question": 2, 
    "answer_number": "B"
  }
},
{
  "pk": 5, 
  "model": "challenges.questionanswer", 
  "fields": {
    "answer": "Water", 
    "clean_grid": null, 
    "score": 11, 
    "question": 2, 
    "answer_number": "C"
  }
},
{
  "pk": 6, 
  "model": "challenges.questionanswer", 
  "fields": {
    "answer": "Species", 
    "clean_grid": null, 
    "score": 2, 
    "question": 2, 
    "answer_number": "D"
  }
},
{
  "pk": 7, 
  "model": "challenges.questionanswer", 
  "fields": {
    "answer": "Land", 
    "clean_grid": 1, 
    "score": null, 
    "question": 3, 
    "answer_number": "A"
  }
},
{
  "pk": 8, 
  "model": "challenges.questionanswer", 
  "fields": {
    "answer": "Air", 
    "clean_grid": 2, 
    "score": null, 
    "question": 3, 
    "answer_number": "B"
  }
},
{
  "pk": 9, 
  "model": "challenges.questionanswer", 
  "fields": {
    "answer": "Water", 
    "clean_grid": 3, 
    "score": null, 
    "question": 3, 
    "answer_number": "C"
  }
},
{
  "pk": 10, 
  "model": "challenges.questionanswer", 
  "fields": {
    "answer": "Species", 
    "clean_grid": null, 
    "score": 0, 
    "question": 3, 
    "answer_number": "D"
  }
},
{
  "pk": 11, 
  "model": "challenges.questionanswer", 
  "fields": {
    "answer": "Recycling", 
    "clean_grid": null, 
    "score": 0, 
    "question": 4, 
    "answer_number": "A"
  }
},
{
  "pk": 12, 
  "model": "challenges.questionanswer", 
  "fields": {
    "answer": "Prevention", 
    "clean_grid": null, 
    "score": 0, 
    "question": 4, 
    "answer_number": "B"
  }
},
{
  "pk": 13, 
  "model": "challenges.questionanswer", 
  "fields": {
    "answer": "Protection of a Species", 
    "clean_grid": null, 
    "score": 0, 
    "question": 4, 
    "answer_number": "C"
  }
},
{
  "pk": 14, 
  "model": "challenges.questionanswer", 
  "fields": {
    "answer": "Restoration of Habitat", 
    "clean_grid": null, 
    "score": 0, 
    "question": 4, 
    "answer_number": "D"
  }
},
{
  "pk": 15, 
  "model": "challenges.questionanswer", 
  "fields": {
    "answer": "Mammals, Birds, Fish", 
    "clean_grid": null, 
    "score": 5, 
    "question": 5, 
    "answer_number": "A"
  }
},
{
  "pk": 16, 
  "model": "challenges.questionanswer", 
  "fields": {
    "answer": "Amphibians, Reptiles, Molluscs", 
    "clean_grid": null, 
    "score": 2, 
    "question": 5, 
    "answer_number": "B"
  }
},
{
  "pk": 17, 
  "model": "challenges.questionanswer", 
  "fields": {
    "answer": "Electricity", 
    "clean_grid": 6, 
    "score": null, 
    "question": 6, 
    "answer_number": "A"
  }
},
{
  "pk": 18, 
  "model": "challenges.questionanswer", 
  "fields": {
    "answer": "Fossil Fuels", 
    "clean_grid": 7, 
    "score": null, 
    "question": 6, 
    "answer_number": "B"
  }
},
{
  "pk": 19, 
  "model": "challenges.questionanswer", 
  "fields": {
    "answer": "Commercial Products", 
    "clean_grid": 8, 
    "score": null, 
    "question": 6, 
    "answer_number": "C"
  }
},
{
  "pk": 1, 
  "model": "notifications.notification", 
  "fields": {
    "name": "Challenge posted", 
    "users_to_notify": "clean-ambassador, clean-champion", 
    "link": "/challenges/{0}/", 
    "notification_type": "challenge_posted", 
    "message": "{0} posted a challenge called {1}", 
    "description": "A Clean Team posts a Challenge"
  }
},
{
  "pk": 2, 
  "model": "notifications.notification", 
  "fields": {
    "name": "Message posted", 
    "users_to_notify": "clean-ambassador, clean-champion", 
    "link": "/clean-team/{0}", 
    "notification_type": "message_posted", 
    "message": "{0} posted a message on their wall", 
    "description": "A Clean Team posts a message"
  }
},
{
  "pk": 3, 
  "model": "notifications.notification", 
  "fields": {
    "name": "New Clean Champion", 
    "users_to_notify": "clean-ambassador", 
    "link": "/clean-team/members/", 
    "notification_type": "cc_joined", 
    "message": "{0} joined {1} as a Clean Champion!", 
    "description": "A new Clean Champion has joined a Clean Team"
  }
},
{
  "pk": 4, 
  "model": "notifications.notification", 
  "fields": {
    "name": "New Clean Ambassador request", 
    "users_to_notify": "clean-ambassador", 
    "link": "/clean-team/members/", 
    "notification_type": "ca_request", 
    "message": "{0} has requested to join {1} as a Clean Ambassador", 
    "description": "A new Clean Ambassador request is made"
  }
},
{
  "pk": 5, 
  "model": "notifications.notification", 
  "fields": {
    "name": "Clean Ambassador invite", 
    "users_to_notify": "individual-user", 
    "link": "/clean-team/invite-response/{0}", 
    "notification_type": "ca_invite", 
    "message": "{0} from {1} has invited you to become a Clean Ambassador", 
    "description": "A requst is sent to a User for them to become a Clean Ambassador"
  }
},
{
  "pk": 6, 
  "model": "notifications.notification", 
  "fields": {
    "name": "Clean Champion invite", 
    "users_to_notify": "individual-user", 
    "link": "/clean-team/invite-response/{0}", 
    "notification_type": "cc_invite", 
    "message": "{0} from {1} has invited you to become a Clean Champion", 
    "description": "A requst is sent to a User for them to become a Clean Champion"
  }
},
{
  "pk": 7, 
  "model": "notifications.notification", 
  "fields": {
    "name": "Clean Ambassador approved", 
    "users_to_notify": "individual-user", 
    "link": "/clean-team/{0}", 
    "notification_type": "ca_approved", 
    "message": "You have been approved to be a Clean Ambassador for {0}", 
    "description": "A new Clean Ambassador request is approved"
  }
},
{
  "pk": 8, 
  "model": "notifications.notification", 
  "fields": {
    "name": "New Clean Ambassador", 
    "users_to_notify": "clean-ambassador", 
    "link": "/clean-team/members/", 
    "notification_type": "ca_joined", 
    "message": "{0} joined {1} as a Clean Ambassador!", 
    "description": "A new Clean Ambassador has joined a Clean Team"
  }
},
{
  "pk": 9, 
  "model": "notifications.notification", 
  "fields": {
    "name": "Level Up", 
    "users_to_notify": "clean-ambassador", 
    "link": "/clean-team/{0}", 
    "notification_type": "level_up", 
    "message": "Congratulations, {0} has just leveled up to {1}!", 
    "description": "A Clean Team has just leveled up"
  }
}
]
